{
    "edge": [
        {
            "ccnt": 0,
            "info": [
                4198852,
                139629978186576
            ],
            "value": [
                [
                    43264,
                    359,
                    3,
                    0,
                    "T",
                    0.00046063217391304346,
                    0.00033538,
                    73192,
                    18491,
                    45954,
                    43264
                ]
            ]
        },
        {
            "ccnt": 1,
            "info": [
                4200433,
                4200577
            ],
            "value": [
                [
                    218937666241,
                    359,
                    3,
                    0,
                    "T",
                    37.37599431478261,
                    34.420121888695654,
                    218938055477,
                    218949222258,
                    218939871356,
                    218937666241
                ],
                [
                    218938986413,
                    359,
                    3,
                    0,
                    "T",
                    74.76014755130434,
                    34.40416097739131,
                    218936893485,
                    218949048004,
                    218939318639,
                    218938986413
                ],
                [
                    218936992007,
                    359,
                    3,
                    0,
                    "T",
                    111.97167199826087,
                    34.43214874,
                    218936970262,
                    218949102422,
                    218938808927,
                    218936992007
                ],
                [
                    218937536200,
                    359,
                    3,
                    0,
                    "T",
                    149.30513098347825,
                    34.544022506086954,
                    218937503020,
                    218949717749,
                    218939221734,
                    218937536200
                ],
                [
                    218937154544,
                    359,
                    3,
                    0,
                    "T",
                    186.58567346086957,
                    34.506182502608695,
                    218937957698,
                    218949232867,
                    218939674549,
                    218937154544
                ],
                [
                    218937384362,
                    359,
                    3,
                    0,
                    "T",
                    223.93442673130434,
                    34.57617282173913,
                    218938314321,
                    218950265933,
                    218939977491,
                    218937384362
                ],
                [
                    218943061338,
                    359,
                    3,
                    0,
                    "T",
                    262.2594201956522,
                    35.47994622347826,
                    218944580697,
                    218956378168,
                    218944785986,
                    218943061338
                ],
                [
                    218938248245,
                    359,
                    3,
                    0,
                    "T",
                    299.7609872382609,
                    34.7017109426087,
                    218939679051,
                    218950683881,
                    218939323634,
                    218938248245
                ],
                [
                    218952099303,
                    359,
                    3,
                    0,
                    "T",
                    337.4347488130435,
                    34.84933640869565,
                    218938541620,
                    218940113505,
                    218940549893,
                    218952099303
                ],
                [
                    218954283687,
                    359,
                    3,
                    0,
                    "T",
                    375.13169383304347,
                    34.8474372173913,
                    218938662062,
                    218942082678,
                    218942701826,
                    218954283687
                ]
            ]
        },
        {
            "ccnt": 1,
            "info": [
                4200577,
                4200433
            ],